DayOfWeek,min,max,mean
0,0.001300000000000523,2305.4213,47.68217779262087
1,0.008500000000012164,2597.5939,48.44191741094147
2,0.0012000000000043087,1634.6966,47.709860197201024
3,0.004699999999999704,2107.8509,48.95111838422392
4,0.00190000000000623,2085.9465999999998,47.004432634615384
5,0.007900000000006457,1606.3736,48.319795429487186
6,0.00039999999999906777,1180.4742,46.96862187820513
