Year,min,max,mean
2024,0.001300000000000523,2597.5939,66.6215758469203
2025,0.00039999999999906777,1955.1977,42.48928334931507
2026,0.0012000000000043087,1741.7223,43.7971418630137
